ID,Name,Category,Brand,Quantity,Price
108,Oakley Radar,Speakers,Spalding,23,200
110,Wilson Impact,Golf,Under Armour,21,8884
111,TaylorMade SIM2,Sports,Asics,21,31682
112,JBL speakers,Golf,Brooks,12,31756
113,Adidas Adizero,Sports,Rawlings,5,29744
114,Oakley Radar,Speakers,Wilson,30,27930
117,Wilson A2000,Golf,Srixon,7,2758
118,Wilson Clash,Tennis,Wilson,7,14033
119,Wilson Impact,Sportswear,Marucci,21,32195
120,Nike Zoom,Sportswear,Titleist,11,24246
121,Wilson A2000,Sportswear,Nike,9,27391
122,Easton Alpha,Sportswear,Head,7,4822
123,Nike Air Max,Sportswear,Reebok,30,5140
124,Reebok Nano,Speakers,Srixon,30,6629
126,Titleist Pro V1,Sportswear,Prince,19,25418
127,Under Armour Curry,Tennis,Rawlings,7,31054
128,Rawlings Gold Glove,Speakers,Asics,4,8766
129,Wilson Ultra,Sportswear,Marucci,13,20984
130,Babolat Pure Drive,Sportswear,JBL,16,27582
131,Head Graphene,Sportswear,Puma,9,5145
132,Adidas Ultraboost,Sportswear,Mizuno,9,7208
136,Under Armour Curry,Speakers,JBL,3,7909
137,Rawlings Heart of the Hide,Speakers,JBL,4,1154
138,Rawlings Gold Glove,Speakers,Nike,18,32472
139,Babolat Pure Drive,Sports,Nike,2,8698
140,Reebok Nano,Sports,Converse,14,2453
141,Nike Vapor,Sports,Wilson,8,14140
143,Nike Zoom,Golf,Wilson,8,24153
144,Asics Gel-Kayano,Speakers,Babolat,9,29725
146,Wilson Ultra,Sports,Mizuno,4,1047
147,Spalding NBA,Tennis,Under Armour,15,20913
148,Nike Zoom,Sportswear,Rawlings,29,31879
149,Under Armour Curry,Golf,Nike,6,4870
150,Srixon Z-Star,Golf,Reebok,28,30357
151,Wilson A2000,Golf,Callaway,9,31310
152,Brooks Ghost,Sportswear,Titleist,7,29576
153,Adidas Predator,Sports,TaylorMade,12,5725
154,Rawlings Heart of the Hide,Sportswear,Puma,1,31748
156,Converse Chuck Taylor,Golf,Marucci,27,18079
157,Head Graphene,Golf,Oakley,3,27860
158,Oakley Radar,Sportswear,Srixon,29,30898
159,Cleveland Launcher,Sportswear,Converse,29,15629
160,Nike Air Max,Tennis,Oakley,21,14490
161,Adidas Predator,Sportswear,Spalding,7,2352
162,Adidas Adizero,Tennis,Converse,19,1098
163,Reebok Nano,Sportswear,Louisville,19,30475
164,Babolat Pure Drive,Golf,Easton,6,20036
165,Converse Chuck Taylor,Tennis,JBL,4,1087
166,TaylorMade SIM2,Speakers,Marucci,6,5182
167,Louisville Slugger,Speakers,Asics,28,5759
169,Head Graphene,Speakers,Wilson,11,22523
170,Babolat Pure Drive,Tennis,JBL,30,29852
171,Cleveland Launcher,Speakers,JBL,19,26763
172,Titleist Pro V1,Speakers,Rawlings,4,18906
173,Head Graphene,Sportswear,Marucci,25,25948
174,Spalding NBA,Tennis,Easton,23,33946
175,Nike Air Max,Sportswear,Rawlings,21,4969
176,Head Graphene,Sportswear,Brooks,28,1120
177,Adidas Adizero,Speakers,Callaway,8,14614
178,Adidas Ultraboost,Speakers,Callaway,16,19531
179,Adidas Predator,Golf,Cleveland,19,10091
180,TaylorMade SIM2,Sportswear,Nike,2,7488
181,Louisville Slugger,Sportswear,New Balance,6,15129
182,Wilson Clash,Golf,Reebok,18,16530
183,Rawlings Gold Glove,Sports,Head,7,28338
184,Adidas Predator,Golf,TaylorMade,29,29848
185,Louisville Slugger,Tennis,Adidas,4,14666
187,Easton Alpha,Sports,TaylorMade,19,33623
188,Wilson A2000,Sports,New Balance,12,12969
189,Oakley Radar,Golf,Wilson,27,22502
190,Rawlings Gold Glove,Tennis,Head,4,7161
191,Titleist Pro V1,Tennis,Spalding,11,14041
192,Wilson Impact,Tennis,Spalding,5,15893
193,Titleist Pro V1,Sportswear,Head,9,24383
194,Nike Vapor,Sports,JBL,16,1696
195,Reebok ZigTech,Sports,Marucci,19,5588
197,Converse Chuck Taylor,Sportswear,Spalding,27,33552
198,Under Armour Curry,Sports,Babolat,16,7065
199,Louisville Slugger,Sports,Under Armour,28,7107
200,Brooks Ghost,Speakers,Brooks,6,13137
201,Brooks Ghost,Golf,Louisville,26,2272
202,Asics Gel-Kayano,Speakers,Adidas,11,18534
203,Louisville Slugger,Speakers,TaylorMade,24,4815
205,Babolat Pure Drive,Speakers,Callaway,7,28377
206,Reebok ZigTech,Golf,Wilson,24,20137
207,Wilson Clash,Golf,Cleveland,26,29902
208,Under Armour Curry,Speakers,Srixon,9,32325
209,Adidas Adizero,Tennis,Srixon,3,23478
210,Wilson Clash,Sports,Asics,25,27361
211,TaylorMade SIM2,Tennis,Cleveland,22,30558
214,Adidas Ultraboost,Sportswear,Adidas,26,19436
215,Easton Alpha,Golf,Srixon,18,7126
217,Louisville Slugger,Speakers,Spalding,7,1272
218,Reebok ZigTech,Golf,JBL,15,32443
219,Reebok Nano,Tennis,TaylorMade,13,30190
220,Adidas Predator,Speakers,Callaway,13,15159
222,Reebok Nano,Golf,Srixon,29,6559
223,Asics Gel-Kayano,Golf,Reebok,21,5652
224,JBL speakers,Sportswear,Titleist,25,19149
225,Nike Zoom,Golf,Mizuno,19,4020
226,Easton Ghost,Speakers,Rawlings,18,19784
228,Rawlings Heart of the Hide,Sports,Nike,16,13951
229,Rawlings Gold Glove,Speakers,Mizuno,2,6040
230,Easton Ghost,Golf,Converse,5,2828
231,Wilson Clash,Golf,Srixon,27,23863
232,Wilson Impact,Sportswear,Oakley,8,13879
233,Rawlings Heart of the Hide,Sportswear,Puma,27,22329
234,Under Armour Curry,Sportswear,Marucci,16,4483
235,Head Graphene,Speakers,Marucci,17,11128
237,Rawlings Heart of the Hide,Tennis,Titleist,9,3030
238,Nike Air Max,Golf,Reebok,10,32846
239,Wilson Ultra,Golf,Asics,28,2583
240,Easton Alpha,Golf,Converse,25,8364
241,Babolat Pure Drive,Speakers,Adidas,30,4192
242,Spalding NBA,Golf,Head,18,24298
243,Spalding NBA,Speakers,Cleveland,7,25936
244,Spalding NBA,Golf,Marucci,15,16422
245,Under Armour Curry,Tennis,Easton,18,15646
246,Nike Zoom,Sportswear,Under Armour,23,13174
247,Wilson A2000,Speakers,Converse,5,16819
248,Marucci Cat,Sportswear,Prince,12,13967
249,Easton Ghost,Sports,Prince,18,33019
250,Brooks Ghost,Sports,Srixon,23,1784
251,Wilson Ultra,Speakers,Callaway,14,15389
252,Babolat Pure Drive,Golf,Louisville,24,19504
253,Head Graphene,Golf,Puma,24,33060
254,Rawlings Heart of the Hide,Tennis,Easton,11,14849
255,Oakley Radar,Tennis,Callaway,1,11222
256,Easton Alpha,Speakers,New Balance,7,13087
257,Louisville Slugger,Sports,Brooks,27,26042
258,Converse Chuck Taylor,Tennis,New Balance,15,19726
259,Adidas Ultraboost,Speakers,Puma,12,21461
260,Wilson A2000,Golf,Babolat,30,24965
261,Head Graphene,Golf,Rawlings,25,17073
262,TaylorMade SIM2,Sports,TaylorMade,16,22648
263,Reebok ZigTech,Tennis,Srixon,1,25963
264,Easton Ghost,Tennis,Callaway,3,3934
265,Nike Air Max,Sportswear,Easton,9,29701
266,JBL speakers,Tennis,Head,25,22685
267,Titleist Pro V1,Sports,Under Armour,14,10406
268,Marucci Cat,Sportswear,JBL,9,25036
269,Nike Vapor,Golf,Converse,26,26006
270,Reebok Nano,Speakers,Reebok,28,3222
271,Converse Chuck Taylor,Golf,Head,16,26304
272,Cleveland Launcher,Sports,Puma,25,9856
273,Prince Textreme,Golf,Asics,1,15828
274,Reebok ZigTech,Sports,Louisville,9,15180
275,Adidas Adizero,Tennis,Asics,21,31395
276,Brooks Ghost,Tennis,Wilson,20,2129
277,Under Armour Curry,Sports,Easton,18,4147
278,Reebok ZigTech,Sportswear,Spalding,20,13996
279,Marucci Cat,Tennis,Cleveland,24,2828
280,Easton Alpha,Sportswear,Puma,11,33783
281,JBL speakers,Speakers,Marucci,21,5988
282,Titleist Pro V1,Sportswear,Louisville,11,1021
283,Easton Alpha,Sports,Mizuno,5,21953
284,Babolat Pure Drive,Sportswear,Callaway,12,31941
285,Wilson A2000,Speakers,Marucci,26,23348
286,Marucci Cat,Golf,Head,4,4829
287,Cleveland Launcher,Sportswear,Marucci,4,29335
288,Nike Air Max,Golf,Oakley,8,27617
289,Nike Vapor,Sports,Reebok,11,21483
290,Prince Textreme,Sports,Puma,29,7555
291,Easton Ghost,Sports,Under Armour,6,22142
292,Easton Ghost,Tennis,Brooks,4,23573
293,Nike Air Max,Sportswear,Callaway,6,20098
294,Reebok Nano,Speakers,Head,7,17589
295,Reebok Nano,Sports,Callaway,7,14857
296,Reebok ZigTech,Golf,Adidas,26,21283
297,Adidas Predator,Golf,Marucci,27,7125
298,Louisville Slugger,Tennis,Under Armour,4,30751
299,Asics Gel-Kayano,Sportswear,Marucci,19,16295
300,Easton Ghost,Golf,Prince,28,34972
302,Rawlings Gold Glove,Golf,Easton,29,9475
303,Rawlings Heart of the Hide,Tennis,Wilson,15,1423
304,Marucci Cat,Tennis,Srixon,27,24393
305,Adidas Ultraboost,Speakers,Marucci,27,19017
306,Rawlings Gold Glove,Speakers,Reebok,7,10150
307,Rawlings Gold Glove,Sports,Converse,25,26458
308,Wilson Clash,Sports,Oakley,5,9567
309,Converse Chuck Taylor,Sportswear,Marucci,5,7198
310,Marucci Cat,Sportswear,Converse,1,11466
311,TaylorMade SIM2,Sportswear,Srixon,11,11636
312,Prince Textreme,Speakers,Nike,10,8016
313,Converse Chuck Taylor,Speakers,Nike,9,15230
314,Reebok Nano,Speakers,Under Armour,6,8575
318,TaylorMade SIM2,Sports,Titleist,25,34556
319,Brooks Ghost,Golf,Srixon,28,25592
320,Adidas Adizero,Speakers,Head,5,4433
321,Brooks Ghost,Tennis,Converse,17,2502
322,Brooks Ghost,Sportswear,Adidas,7,9660
323,Mizuno JPX,Sportswear,New Balance,11,24687
324,Prince Textreme,Sports,Cleveland,28,3802
325,Adidas Predator,Tennis,Cleveland,9,18756
326,Wilson Clash,Sportswear,Wilson,2,29593
327,Under Armour Curry,Sports,Brooks,19,29862
328,Reebok ZigTech,Tennis,Mizuno,7,5790
329,Under Armour Curry,Tennis,Srixon,20,17803
330,Wilson Ultra,Sportswear,TaylorMade,1,15940
332,Wilson Impact,Golf,Nike,29,19536
333,Reebok Nano,Sportswear,Prince,15,30959
334,Adidas Adizero,Sportswear,Callaway,1,4267
335,Titleist Pro V1,Tennis,Wilson,30,14729
336,TaylorMade SIM2,Sportswear,New Balance,12,16550
337,Prince Textreme,Sportswear,Converse,20,26625
338,Adidas Predator,Tennis,Nike,2,22202
339,Wilson Ultra,Speakers,Converse,15,9714
340,Oakley Radar,Tennis,Oakley,4,15095
341,Rawlings Gold Glove,Sportswear,JBL,14,26338
342,Rawlings Heart of the Hide,Sportswear,Callaway,8,23994
343,Adidas Adizero,Tennis,Head,16,3724
344,TaylorMade SIM2,Tennis,TaylorMade,6,28712
345,Wilson Ultra,Sports,Wilson,27,13919
346,Mizuno JPX,Sports,Puma,13,23478
347,Wilson A2000,Speakers,Asics,29,15365
348,Asics Gel-Kayano,Speakers,Puma,28,10609
349,Wilson A2000,Tennis,Under Armour,14,22778
350,Reebok ZigTech,Sportswear,Cleveland,22,1979
351,Oakley Radar,Golf,Under Armour,27,30077
352,Spalding NBA,Sports,Babolat,19,20272
353,Babolat Pure Drive,Golf,Babolat,22,10124
354,Spalding NBA,Sportswear,Prince,28,23738
355,Wilson A2000,Tennis,Louisville,19,18702
356,Converse Chuck Taylor,Tennis,Rawlings,4,18385
357,Brooks Ghost,Golf,Mizuno,7,14315
358,Nike Zoom,Sports,Babolat,9,8232
359,Rawlings Gold Glove,Sportswear,Oakley,17,24352
360,Head Graphene,Tennis,Titleist,17,30450
361,JBL speakers,Sports,Wilson,5,23701
362,Cleveland Launcher,Sportswear,Oakley,27,10977
364,Wilson Impact,Sportswear,Louisville,7,11969
365,Asics Gel-Kayano,Sports,TaylorMade,26,27569
366,Wilson Clash,Speakers,Wilson,7,16930
367,Babolat Pure Drive,Speakers,Puma,26,19885
368,Adidas Ultraboost,Tennis,Adidas,14,30628
369,Prince Textreme,Golf,Babolat,18,27031
370,JBL speakers,Tennis,JBL,28,29201
371,Adidas Ultraboost,Speakers,JBL,29,15356
372,Rawlings Heart of the Hide,Sportswear,Rawlings,26,22163
373,Wilson A2000,Tennis,Rawlings,17,13375
374,Mizuno JPX,Sports,Louisville,6,33651
375,Wilson Ultra,Speakers,Adidas,26,32076
376,Louisville Slugger,Golf,Cleveland,21,5248
377,Nike Air Max,Sportswear,Babolat,3,8978
378,Babolat Pure Drive,Sports,Nike,21,9400
379,Reebok ZigTech,Tennis,JBL,4,25057
380,Brooks Ghost,Sportswear,Brooks,29,25634
381,Adidas Predator,Sportswear,Marucci,11,22750
382,Brooks Ghost,Sportswear,Wilson,27,21757
383,Rawlings Heart of the Hide,Sports,Spalding,1,8232
384,Nike Vapor,Golf,Easton,13,14136
385,Spalding NBA,Golf,Oakley,22,1106
386,Marucci Cat,Golf,JBL,21,2370
387,Oakley Radar,Sports,Wilson,19,7666
389,JBL speakers,Sports,Reebok,25,29629
391,TaylorMade SIM2,Speakers,Mizuno,10,25852
392,Mizuno JPX,Sports,TaylorMade,10,30725
393,Adidas Predator,Sports,Converse,19,15449
394,Brooks Ghost,Sportswear,Spalding,30,22614
395,Oakley Radar,Sports,Easton,9,19239
396,Oakley Radar,Tennis,Spalding,4,26439
397,Under Armour Curry,Tennis,Under Armour,28,23553
398,Head Graphene,Sportswear,Rawlings,14,26182
399,Babolat Pure Drive,Tennis,Head,21,8805
401,Babolat Pure Drive,Speakers,Prince,29,15554
402,Adidas Adizero,Golf,Under Armour,4,10586
403,Babolat Pure Drive,Sportswear,New Balance,30,28932
404,Nike Vapor,Tennis,Adidas,2,22125
405,Brooks Ghost,Tennis,Converse,21,9873
406,Louisville Slugger,Golf,Callaway,2,24758
407,Reebok ZigTech,Sports,Brooks,27,23237
408,Titleist Pro V1,Sports,Spalding,3,22247
409,Head Graphene,Golf,Converse,9,14808
411,Under Armour Curry,Sports,Puma,26,32844
412,Wilson Impact,Tennis,Oakley,28,2026
413,Converse Chuck Taylor,Speakers,New Balance,1,10440
414,Reebok ZigTech,Sports,Cleveland,18,3127
415,Asics Gel-Kayano,Golf,Cleveland,12,28107
416,Under Armour Curry,Speakers,Callaway,17,11002
417,Brooks Ghost,Sports,Marucci,1,22433
418,Prince Textreme,Sports,Reebok,4,18572
419,Cleveland Launcher,Tennis,JBL,16,8235
421,Nike Zoom,Tennis,Prince,25,21444
422,Spalding NBA,Sportswear,Oakley,20,27579
423,Head Graphene,Sports,Converse,26,25894
424,Babolat Pure Drive,Sports,Mizuno,25,31248
425,Nike Vapor,Golf,Adidas,27,24564
426,Converse Chuck Taylor,Golf,Asics,21,4732
427,Srixon Z-Star,Sports,Rawlings,5,23588
428,Wilson Impact,Sports,Adidas,17,13619
429,Asics Gel-Kayano,Sportswear,Spalding,23,23133
430,Nike Vapor,Tennis,Nike,25,26747
433,Asics Gel-Kayano,Sports,Srixon,26,21983
434,Nike Zoom,Tennis,New Balance,26,21185
435,Reebok Nano,Speakers,Under Armour,29,5038
436,Nike Zoom,Speakers,Marucci,4,20394
437,Louisville Slugger,Sportswear,Callaway,13,34349
439,Nike Vapor,Sportswear,Srixon,1,11646
440,Mizuno JPX,Tennis,Mizuno,30,15163
441,Wilson Impact,Tennis,Oakley,12,3047
442,Prince Textreme,Sports,Prince,13,24887
443,Prince Textreme,Tennis,Oakley,24,3567
444,Wilson Impact,Sportswear,Louisville,12,8702
445,Wilson Impact,Tennis,Easton,3,20987
446,Prince Textreme,Tennis,Cleveland,13,18444
447,Louisville Slugger,Tennis,Easton,27,4252
448,Adidas Ultraboost,Golf,Wilson,4,9386
449,Easton Alpha,Speakers,Rawlings,2,30943
450,Spalding NBA,Golf,Puma,11,22178
451,Reebok Nano,Tennis,New Balance,21,33449
452,Brooks Ghost,Sports,JBL,3,12806
453,Brooks Ghost,Sports,Cleveland,7,10047
454,Head Graphene,Sports,Srixon,10,18107
455,Wilson Clash,Speakers,Louisville,17,1895
456,Wilson A2000,Speakers,Louisville,27,21996
459,Asics Gel-Kayano,Golf,Cleveland,4,2742
461,Converse Chuck Taylor,Sportswear,Titleist,27,30379
462,Wilson Ultra,Sports,Reebok,17,21249
463,Prince Textreme,Sportswear,Mizuno,22,7980
465,Rawlings Gold Glove,Golf,Louisville,22,23500
466,Nike Air Max,Tennis,TaylorMade,22,6514
467,Cleveland Launcher,Sportswear,Asics,23,32462
468,Adidas Predator,Speakers,Prince,25,17254
469,Rawlings Gold Glove,Tennis,Mizuno,25,17076
470,Titleist Pro V1,Speakers,Oakley,17,15930
471,Wilson Clash,Tennis,Under Armour,15,15138
472,Cleveland Launcher,Speakers,TaylorMade,25,29824
473,Oakley Radar,Sportswear,Puma,1,14951
474,Oakley Radar,Speakers,Srixon,3,11515
475,Nike Zoom,Sports,Under Armour,6,34640
476,Rawlings Heart of the Hide,Tennis,Rawlings,19,27096
477,Easton Alpha,Speakers,TaylorMade,7,12793
478,Nike Vapor,Sports,Converse,29,10131
479,Rawlings Heart of the Hide,Speakers,Reebok,4,1178
480,Oakley Radar,Speakers,Oakley,22,9943
482,Louisville Slugger,Tennis,Nike,20,14599
483,Wilson Impact,Sportswear,TaylorMade,17,3678
484,Easton Alpha,Sports,Callaway,12,13056
485,Titleist Pro V1,Tennis,Cleveland,3,25686
486,Rawlings Gold Glove,Speakers,New Balance,9,5590
487,Cleveland Launcher,Sports,Adidas,17,20041
488,Rawlings Heart of the Hide,Golf,Nike,13,16206
489,Asics Gel-Kayano,Golf,Oakley,16,21842
490,Babolat Pure Drive,Tennis,Marucci,10,28458
491,Louisville Slugger,Sportswear,Reebok,30,18665
493,Wilson Ultra,Tennis,Asics,18,5330
494,Asics Gel-Kayano,Tennis,Prince,12,15991
496,Babolat Pure Drive,Golf,Nike,28,9595
497,Adidas Adizero,Sports,Mizuno,4,31899
499,Reebok ZigTech,Speakers,Titleist,1,1539
500,Titleist Pro V1,Sports,Titleist,8,2672
501,JBL speakers,Sportswear,Rawlings,11,32706
503,Cleveland Launcher,Sports,Titleist,13,12460
505,Nike Vapor,Sports,TaylorMade,5,22949
506,Mizuno JPX,Sports,Mizuno,15,29721
507,Adidas Ultraboost,Speakers,Reebok,12,29982
508,Cleveland Launcher,Speakers,Oakley,19,2392
509,Prince Textreme,Sportswear,JBL,4,8315
510,Adidas Ultraboost,Tennis,Prince,17,21458
511,Adidas Adizero,Sportswear,Mizuno,29,10999
512,Mizuno JPX,Speakers,Wilson,26,5708
513,Wilson Impact,Sportswear,Reebok,10,13815
514,Under Armour Curry,Tennis,Easton,26,21504
516,Wilson Impact,Tennis,Easton,28,24802
517,Wilson A2000,Golf,Asics,25,27317
518,Converse Chuck Taylor,Sportswear,Cleveland,5,7910
519,Wilson A2000,Speakers,Cleveland,3,16883
520,Mizuno JPX,Speakers,Adidas,14,24122
521,Head Graphene,Speakers,Easton,15,34657
522,Wilson Ultra,Sports,Under Armour,26,33322
523,Spalding NBA,Sportswear,Puma,25,18444
524,Wilson Impact,Golf,Nike,12,34693
525,Head Graphene,Speakers,Spalding,23,7637
526,Asics Gel-Kayano,Golf,Puma,16,30708
527,Wilson Ultra,Sports,Under Armour,4,8444
528,Wilson Impact,Golf,Converse,11,18019
529,Mizuno JPX,Tennis,Cleveland,18,21012
530,Nike Air Max,Golf,Nike,13,18529
531,Reebok Nano,Sportswear,Wilson,27,9654
532,Nike Vapor,Speakers,Head,24,34807
533,Louisville Slugger,Sportswear,Reebok,10,2522
534,Adidas Ultraboost,Tennis,Marucci,24,4257
535,Adidas Ultraboost,Tennis,Spalding,15,24350
536,Under Armour Curry,Speakers,Louisville,3,34482
538,Prince Textreme,Tennis,Adidas,15,19485
539,TaylorMade SIM2,Speakers,Cleveland,7,11881
540,Prince Textreme,Speakers,Oakley,19,18283
541,Nike Air Max,Golf,Under Armour,6,23992
542,Easton Alpha,Sports,Under Armour,18,9007
543,Under Armour Curry,Golf,Marucci,24,2050
545,Adidas Adizero,Tennis,Reebok,16,33492
546,Nike Vapor,Speakers,JBL,9,29816
P-Qr547,Reebok Nano,Tennis,JBL,19,18290
548,TaylorMade SIM2,Speakers,Prince,19,11172
550,Adidas Adizero,Speakers,Cleveland,9,12572
551,Louisville Slugger,Golf,JBL,21,3958
552,Srixon Z-Star,Speakers,Mizuno,13,26020
554,Titleist Pro V1,Sportswear,TaylorMade,4,32348
555,Babolat Pure Drive,Golf,Spalding,30,13716
556,Brooks Ghost,Golf,Head,12,23954
557,Asics Gel-Kayano,Sportswear,Louisville,30,9769
559,Reebok ZigTech,Sports,Nike,4,1404
560,Reebok Nano,Sports,JBL,29,28298
561,Rawlings Gold Glove,Sports,Cleveland,27,14064
562,TaylorMade SIM2,Sports,New Balance,18,32824
563,Reebok ZigTech,Sports,Adidas,24,22192
564,Easton Ghost,Sports,Srixon,27,21382
565,Head Graphene,Speakers,Brooks,25,2315
566,Rawlings Gold Glove,Sports,Head,12,24687
567,Rawlings Gold Glove,Sports,Titleist,3,13322
568,Marucci Cat,Golf,Brooks,29,24117
569,Cleveland Launcher,Speakers,Nike,29,8880
570,Marucci Cat,Sportswear,Mizuno,30,7842
571,Mizuno JPX,Sports,Easton,20,18379
572,TaylorMade SIM2,Sports,Brooks,20,23592
573,Babolat Pure Drive,Speakers,Callaway,21,9226
574,Easton Ghost,Sports,TaylorMade,29,13374
575,Louisville Slugger,Tennis,Head,23,16459
576,Oakley Radar,Sportswear,Puma,16,8773
577,Spalding NBA,Speakers,TaylorMade,7,3068
578,Wilson Impact,Sports,Babolat,21,1409
579,JBL speakers,Speakers,Callaway,30,13702
580,Asics Gel-Kayano,Speakers,Spalding,30,28169
581,Wilson Ultra,Sportswear,Babolat,2,26602
583,Easton Alpha,Golf,Mizuno,2,13326
584,Wilson Impact,Sportswear,Nike,19,22152
585,Prince Textreme,Golf,Titleist,28,2658
586,Head Graphene,Golf,Babolat,10,14762
587,Louisville Slugger,Tennis,Easton,4,12931
588,TaylorMade SIM2,Speakers,Brooks,14,2840
590,Rawlings Heart of the Hide,Sportswear,Callaway,8,20068
591,Under Armour Curry,Sportswear,New Balance,15,32517
592,Louisville Slugger,Tennis,Babolat,26,14588
593,Adidas Adizero,Sportswear,Callaway,4,31233
594,Adidas Predator,Speakers,Mizuno,30,5027
595,Louisville Slugger,Sports,New Balance,14,21898
597,Nike Vapor,Tennis,Oakley,11,10491
598,Oakley Radar,Sports,New Balance,19,3887
599,Adidas Ultraboost,Speakers,Marucci,27,11214
600,Prince Textreme,Sportswear,Reebok,13,32823
601,Srixon Z-Star,Sportswear,New Balance,15,17745
602,Adidas Adizero,Sports,Brooks,30,9125
603,Louisville Slugger,Golf,Prince,18,26938
604,Converse Chuck Taylor,Sports,Reebok,23,25346
605,Babolat Pure Drive,Speakers,Under Armour,22,30386
606,Nike Vapor,Sports,Nike,12,28063
607,Easton Alpha,Sportswear,Callaway,26,3092
608,Easton Alpha,Sportswear,Wilson,25,3960
609,Converse Chuck Taylor,Sports,Rawlings,30,18659
610,Wilson A2000,Tennis,Head,12,6902
611,Reebok ZigTech,Sportswear,Reebok,7,3040
612,Wilson Ultra,Golf,Reebok,11,28991
613,Converse Chuck Taylor,Sports,Louisville,7,28211
614,JBL speakers,Sportswear,Puma,5,6924
616,Wilson Impact,Golf,TaylorMade,2,24992
617,Cleveland Launcher,Tennis,Puma,7,16002
618,Adidas Ultraboost,Sportswear,Reebok,25,17765
619,Srixon Z-Star,Speakers,Oakley,15,24603
620,Brooks Ghost,Golf,Titleist,18,8045
621,Rawlings Gold Glove,Tennis,Cleveland,27,6574
622,Louisville Slugger,Tennis,Marucci,1,16409
623,Converse Chuck Taylor,Speakers,Oakley,1,24316
625,Prince Textreme,Sportswear,TaylorMade,9,14683
626,Marucci Cat,Golf,Puma,22,10985
627,Adidas Ultraboost,Golf,Wilson,25,9911
628,Titleist Pro V1,Tennis,Puma,2,13115
629,Adidas Ultraboost,Tennis,Oakley,28,12224
630,Mizuno JPX,Tennis,Head,26,25974
631,Marucci Cat,Sportswear,Marucci,7,21317
632,Head Graphene,Speakers,Srixon,24,8237
633,Srixon Z-Star,Tennis,JBL,20,25473
634,Adidas Ultraboost,Tennis,Adidas,19,20125
636,Rawlings Heart of the Hide,Golf,Asics,25,3330
637,JBL speakers,Golf,Adidas,28,9390
638,Oakley Radar,Golf,Spalding,30,24761
639,Wilson Ultra,Tennis,Cleveland,23,17742
640,Wilson Impact,Tennis,Louisville,17,20249
641,TaylorMade SIM2,Tennis,Titleist,1,27889
642,Under Armour Curry,Speakers,Marucci,10,8371
643,Oakley Radar,Tennis,Rawlings,17,18296
644,Babolat Pure Drive,Speakers,Rawlings,27,34737
647,Prince Textreme,Sportswear,TaylorMade,22,18745
648,Srixon Z-Star,Sportswear,Cleveland,29,20112
649,Nike Air Max,Golf,Srixon,1,2187
650,Easton Alpha,Sportswear,Marucci,12,21849
651,Under Armour Curry,Speakers,Babolat,11,21175
652,Adidas Ultraboost,Sportswear,Converse,8,32444
653,Babolat Pure Drive,Tennis,Puma,18,25807
654,Easton Alpha,Sportswear,Head,11,4881
655,Mizuno JPX,Golf,Marucci,28,27062
656,Rawlings Heart of the Hide,Golf,Louisville,23,25079
657,Head Graphene,Speakers,Converse,30,11198
658,Nike Air Max,Sportswear,Srixon,27,27561
659,Wilson Impact,Speakers,Puma,16,13890
660,Brooks Ghost,Sports,TaylorMade,4,29373
661,Louisville Slugger,Speakers,Easton,30,11332
662,Prince Textreme,Speakers,JBL,22,12237
663,Adidas Adizero,Sports,JBL,30,15470
664,Spalding NBA,Tennis,Puma,7,26304
665,Rawlings Heart of the Hide,Speakers,Mizuno,1,34196
666,Nike Air Max,Speakers,Nike,2,19675
667,Wilson Impact,Golf,Babolat,18,13974
668,Srixon Z-Star,Speakers,TaylorMade,17,25212
669,Wilson Impact,Sports,Puma,10,12218
670,Rawlings Heart of the Hide,Tennis,Reebok,5,6916
671,Adidas Adizero,Sportswear,Babolat,9,6546
672,Nike Air Max,Tennis,Reebok,9,19991
673,Marucci Cat,Tennis,Adidas,30,12413
674,Srixon Z-Star,Sports,Mizuno,16,25288
675,Reebok ZigTech,Golf,Babolat,22,3623
676,Spalding NBA,Golf,Louisville,5,25643
677,Adidas Predator,Speakers,New Balance,28,10348
678,Srixon Z-Star,Speakers,Wilson,19,14439
679,Wilson Impact,Speakers,Oakley,23,24436
680,Asics Gel-Kayano,Tennis,Prince,5,27648
681,Adidas Adizero,Sports,Oakley,29,5698
683,Spalding NBA,Tennis,Prince,27,14429
684,Under Armour Curry,Tennis,JBL,9,16048
685,Head Graphene,Speakers,Callaway,21,10944
687,Wilson Impact,Tennis,Cleveland,22,4925
688,JBL speakers,Sportswear,Asics,11,20323
689,Wilson Impact,Tennis,Mizuno,11,15127
690,Nike Zoom,Sportswear,Srixon,4,13446
691,Under Armour Curry,Tennis,Head,7,18149
693,Marucci Cat,Golf,Marucci,8,22193
694,Wilson Ultra,Sportswear,Wilson,12,3108
695,Rawlings Gold Glove,Sports,Brooks,10,10940
696,Asics Gel-Kayano,Sports,Wilson,5,6593
697,Marucci Cat,Speakers,TaylorMade,9,31087
698,Cleveland Launcher,Tennis,Louisville,2,7093
699,Under Armour Curry,Sportswear,New Balance,2,16561
700,Nike Zoom,Sportswear,Brooks,10,9593
701,Easton Alpha,Golf,Easton,28,30883
702,Wilson Impact,Speakers,Puma,21,15521
703,Wilson Clash,Tennis,Puma,20,30495
704,Easton Alpha,Sportswear,Srixon,21,6817
705,Wilson Impact,Sportswear,Rawlings,26,13818
706,Spalding NBA,Sports,Louisville,18,4988
707,Nike Zoom,Golf,Reebok,12,13955
708,Srixon Z-Star,Sports,Converse,12,4997
709,Wilson A2000,Golf,Rawlings,22,10258
710,Mizuno JPX,Speakers,Adidas,4,23509
711,Rawlings Heart of the Hide,Speakers,Rawlings,25,8558
712,Under Armour Curry,Speakers,Spalding,22,9620
713,Titleist Pro V1,Golf,Converse,3,5564
714,Nike Air Max,Golf,Louisville,5,20746
717,Cleveland Launcher,Sportswear,Wilson,10,29321
718,Mizuno JPX,Golf,Asics,10,20147
719,Nike Air Max,Tennis,Srixon,8,19994
720,Rawlings Heart of the Hide,Tennis,Spalding,30,26787
722,Cleveland Launcher,Speakers,Adidas,4,29059
723,JBL speakers,Speakers,Head,21,12897
724,Wilson Impact,Sports,Head,20,14226
725,JBL speakers,Golf,Brooks,18,19862
726,Reebok ZigTech,Speakers,Mizuno,11,22971
727,Spalding NBA,Speakers,Puma,2,7571
728,Srixon Z-Star,Speakers,Easton,15,3719
729,Asics Gel-Kayano,Speakers,Callaway,12,6981
730,Under Armour Curry,Sportswear,Marucci,14,12240
731,Babolat Pure Drive,Tennis,Callaway,29,3067
732,Louisville Slugger,Sports,Prince,21,29018
733,Wilson Impact,Golf,Titleist,12,4451
735,Spalding NBA,Sports,Cleveland,11,34872
736,Cleveland Launcher,Tennis,Oakley,30,11545
737,Mizuno JPX,Sportswear,Converse,27,23392
738,Wilson Impact,Speakers,JBL,16,14297
739,Nike Zoom,Golf,Prince,1,5212
740,Louisville Slugger,Golf,Under Armour,5,1898
741,Nike Zoom,Tennis,New Balance,3,5792
743,Prince Textreme,Golf,Babolat,15,14269
744,Marucci Cat,Golf,Titleist,17,21808
745,Easton Alpha,Speakers,New Balance,6,19186
746,Wilson Ultra,Sports,Brooks,30,20980
747,Mizuno JPX,Speakers,Mizuno,30,24747
748,Rawlings Gold Glove,Sports,Srixon,30,23096
750,Reebok Nano,Sportswear,Easton,2,9056
751,Srixon Z-Star,Sports,TaylorMade,25,34764
752,Adidas Adizero,Speakers,Head,29,27955
753,Marucci Cat,Sports,Oakley,26,17119
754,Nike Vapor,Tennis,Rawlings,18,23650
755,Adidas Predator,Sportswear,Asics,3,19787
756,Nike Air Max,Speakers,Prince,28,31119
757,Nike Air Max,Speakers,Mizuno,10,19487
758,Wilson Impact,Sports,Head,20,26703
759,Asics Gel-Kayano,Golf,Louisville,19,14322
760,Oakley Radar,Tennis,Wilson,29,10794
762,Reebok Nano,Sports,TaylorMade,5,34982
764,Wilson Ultra,Sports,Adidas,26,22655
765,Spalding NBA,Golf,Cleveland,18,33679
766,Adidas Predator,Sports,Asics,10,19358
768,Nike Zoom,Sportswear,Asics,6,29460
769,Louisville Slugger,Golf,TaylorMade,8,14606
770,Wilson Ultra,Sportswear,Srixon,21,29591
771,Under Armour Curry,Sports,Marucci,19,6954
772,Nike Vapor,Sportswear,Wilson,14,16435
773,Marucci Cat,Golf,Marucci,18,7497
774,Rawlings Heart of the Hide,Golf,Spalding,1,14643
775,Converse Chuck Taylor,Sportswear,Srixon,27,4350
776,Louisville Slugger,Golf,Puma,24,26748
777,Adidas Predator,Sportswear,Under Armour,1,32328
778,Cleveland Launcher,Tennis,Easton,25,10595
779,Brooks Ghost,Golf,JBL,27,22103
780,Oakley Radar,Sports,Wilson,7,26120
781,Converse Chuck Taylor,Tennis,Rawlings,13,10531
782,Under Armour Curry,Sportswear,Oakley,26,7872
783,Reebok ZigTech,Sports,Srixon,19,29088
784,Asics Gel-Kayano,Tennis,Puma,2,1975
785,Brooks Ghost,Speakers,Spalding,16,31872
786,Louisville Slugger,Tennis,Titleist,25,16953
787,TaylorMade SIM2,Speakers,Mizuno,6,31365
788,Prince Textreme,Speakers,Callaway,9,10017
789,Titleist Pro V1,Golf,Head,7,2391
790,Wilson Clash,Sports,Brooks,1,23799
791,Adidas Adizero,Sports,Under Armour,20,22276
792,Babolat Pure Drive,Speakers,Converse,7,5520
793,Under Armour Curry,Golf,Rawlings,1,18097
794,Easton Alpha,Speakers,New Balance,21,24910
795,Nike Air Max,Sports,Marucci,25,18419
796,Cleveland Launcher,Sports,Nike,15,9987
797,Spalding NBA,Golf,Wilson,8,22199
799,Converse Chuck Taylor,Sportswear,Puma,17,14450
99,Hello,Hi,XYZ,88,236
98,Hello,ji,bye,23,55
P-001,Harry Potter,Book,RK Rowling,10,599
P-002,Oppo A35,Mobile,Oppo,10,15000
P-963,Samsung S23,Electronics,Samsung,10,15000
966,Rockerz550,Speakers,Boat,20,1799
P-009,Oppo A19,Electronics,Oppo,20,19000
1036,Hello,gkkl,dfg h,25,369
